type,score,completions
"[[0], [0, 1]]","[[-0.38752604166666715], [-0.02746398321365947, -0.0457648197744738]]","[[0.125], [1.0, 0.9]]"
"[[0], [0, 1]]","[[-0.4332812500000003], [-0.040480381588069866, -0.10116911273168919]]","[[0.1625], [1.0, 0.8]]"
"[[0], [0, 1]]","[[-0.3585416666666671], [-0.030379960977828125, -0.0474854627684876]]","[[0.1625], [1.0, 1.0]]"
