type,score,completions
"[[0], [1, 0]]","[[-0.38188020833333375], [-0.3095643327981431, -0.31344852459488437]]","[[0.3875], [0.3, 0.31875]]"
"[[0], [1, 0]]","[[-0.3857395833333337], [-0.3113721424888444, -0.31742151850285794]]","[[0.2875], [0.2125, 0.3]]"
"[[0], [1, 0]]","[[-0.4057031250000002], [-0.29995216959290916, -0.3055664628889424]]","[[0.3], [0.46875, 0.275]]"
